{
    "id": "asd",
    "types_of_events": [
        "Собрание"
    ],
    "skills": {
        "общения с другими членами": {
            "know": 0.45411064475774765,
            "can": 0.655985951423645,
            "master": 0.8489068150520325
        },
        "на понимание сути и важности ментального ": {
            "know": 0.6820545196533203,
            "can": 0.7651359736919403,
            "master": 0.616325244307518
        }
        "развить внутреннюю устойчивость": {
            "know": 0.6385479867458344,
            "can": 1.0164259672164917,
            "master": 0.5927399694919586
        }
    }
}