{
    "id": "asd",
    "types_of_events": [
        "Собрание"
    ],
    "skills": {
        "лидерство в молодежи через международные": {
            "know": 0.6165207922458649,
            "can": 0.639877587556839,
            "master": 0.5784088745713234
        },
        "лидерство в молодежи через международные обмены, их организацию, а также": {
            "know": 0.6880963146686554,
            "can": 0.9447022974491119,
            "master": 0.504003657028079
        },
        "лидерство в молодежи через международные обмены, их организацию, а также двухдневные": {
            "know": 0.6568704545497894,
            "can": 0.7933726906776428,
            "master": 0.562944695353508
        },
        "лидерство в молодежи через международные обмены, их организацию, а также двухдневные бесплатные": {
            "know": 0.6673145592212677,
            "can": 0.7613672316074371,
            "master": 0.5761086791753769
        },
        "в молодежи через международные": {
            "know": 0.4578701853752136,
            "can": 0.6347859352827072,
            "master": 0.6629790365695953
        },
        "молодежи через международные": {
            "know": 0.6541360467672348,
            "can": 0.538466315716505,
            "master": 0.5919508188962936
        },
        "международные обмены,": {
            "know": 0.9426125586032867,
            "can": 0.5577410273253918,
            "master": 0.5145874302834272
        },
        "организацию, а также двухдневные бесплатные": {
            "know": 0.7493472546339035,
            "can": 0.7840927839279175,
            "master": 0.5685824081301689
        },
        "международных стажировок": {
            "know": 0.8723094761371613,
            "can": 0.7064105421304703,
            "master": 0.5356410145759583
        },
        "общения с другими членами": {
            "know": 0.45411064475774765,
            "can": 0.655985951423645,
            "master": 0.8489068150520325
        },
        "другими членами": {
            "know": 0.7081091552972794,
            "can": 0.4746748171746731,
            "master": 0.9733475744724274
        },
        "организации, а также": {
            "know": 0.8030131161212921,
            "can": 1.0706532001495361,
            "master": 0.3807494640350342
        },
        "студентов, направленное на понимание сути и важности": {
            "know": 0.7613818347454071,
            "can": 0.6086606606841087,
            "master": 0.5307333562523127
        },
        "студентов, направленное на понимание сути и важности ментального": {
            "know": 0.7591914236545563,
            "can": 0.6332153826951981,
            "master": 0.5750060528516769
        },
        "направленное на понимание сути": {
            "know": 0.5930768474936485,
            "can": 0.6953161954879761,
            "master": 0.5945111140608788
        },
        "направленное на понимание сути и важности": {
            "know": 0.580173559486866,
            "can": 0.7743595242500305,
            "master": 0.5983378514647484
        },
        "направленное на понимание сути и важности ментального": {
            "know": 0.6033321097493172,
            "can": 0.7472397983074188,
            "master": 0.650887593626976
        },
        "на понимание сути": {
            "know": 0.5395078659057617,
            "can": 0.6105793714523315,
            "master": 0.6745625585317612
        },
        "на понимание сути и важности": {
            "know": 0.7293106764554977,
            "can": 0.7805630266666412,
            "master": 0.5479516088962555
        },
        "на понимание сути и важности ментального": {
            "know": 0.6820545196533203,
            "can": 0.7651359736919403,
            "master": 0.616325244307518
        },
        "понимание сути": {
            "know": 0.9653547406196594,
            "can": 0.511689935810864,
            "master": 0.4048253670334816
        },
        "понимание сути и важности": {
            "know": 1.0966333746910095,
            "can": 0.5083386721089482,
            "master": 0.48077827133238316
        },
        "понимание сути и важности ментального": {
            "know": 1.0532339215278625,
            "can": 0.5381111316382885,
            "master": 0.5107908379286528
        },
        "и важности ментального": {
            "know": 0.7691980302333832,
            "can": 0.6775045543909073,
            "master": 0.5562312752008438
        },
        "важности ментального": {
            "know": 1.1853030323982239,
            "can": 0.5194208584725857,
            "master": 0.42108526825904846
        },
        "ускорение темпа жизни": {
            "know": 1.0173649191856384,
            "can": 0.6060523092746735,
            "master": 0.4132041558623314
        },
        "темпа жизни": {
            "know": 1.0756670236587524,
            "can": 0.5910967886447906,
            "master": 0.5179292391985655
        },
        "увеличение потока": {
            "know": 1.0880507826805115,
            "can": 0.4284868910908699,
            "master": 0.4303232803940773
        },
        "увеличение потока информации,": {
            "know": 0.9859646260738373,
            "can": 0.4554918222129345,
            "master": 0.5374298468232155
        },
        "увеличение потока информации, что": {
            "know": 0.6715900599956512,
            "can": 0.3679027855396271,
            "master": 0.7863256931304932
        },
        "увеличение потока информации, что неизбежно": {
            "know": 0.7521030008792877,
            "can": 0.4280211105942726,
            "master": 0.6328151822090149
        },
        "повышению уровня": {
            "know": 0.574468158185482,
            "can": 0.647833913564682,
            "master": 0.843749612569809
        },
        "проблемы в": {
            "know": 0.9864285290241241,
            "can": 0.45593568310141563,
            "master": 0.5248854290693998
        },
        "проблемы в рамках ментального": {
            "know": 0.8486714661121368,
            "can": 0.4660980962216854,
            "master": 0.5945887267589569
        },
        "рамках ментального": {
            "know": 0.759733259677887,
            "can": 0.46733134612441063,
            "master": 0.8444876372814178
        },
        " Как развить внутреннюю устойчивость (техники, рекомендации, чтобы поддерживать внутреннюю": {
            "know": 0.6866011917591095,
            "can": 0.8564847409725189,
            "master": 0.526622211560607
        },
        "Как развить внутреннюю устойчивость (техники,": {
            "know": 0.8689241707324982,
            "can": 0.8898928463459015,
            "master": 0.4733544420450926
        },
        "Как развить внутреннюю устойчивость (техники, рекомендации,": {
            "know": 0.8693387508392334,
            "can": 0.8444935381412506,
            "master": 0.46829356253147125
        },
        "Как развить внутреннюю устойчивость (техники, рекомендации, чтобы": {
            "know": 0.9017505347728729,
            "can": 0.7623713314533234,
            "master": 0.5142761673778296
        },
        "Как развить внутреннюю устойчивость (техники, рекомендации, чтобы поддерживать": {
            "know": 0.7415016442537308,
            "can": 0.8838822245597839,
            "master": 0.5070848446339369
        },
        "Как развить внутреннюю устойчивость (техники, рекомендации, чтобы поддерживать внутреннюю": {
            "know": 0.758905678987503,
            "can": 0.8427230417728424,
            "master": 0.5271717067807913
        },
        "развить внутреннюю устойчивость": {
            "know": 0.6385479867458344,
            "can": 1.0164259672164917,